商品名稱,日幣原價,標籤,分類,每人限購,商品連結,圖片
ちいかわパーク Tシャツ テーマデザイン ホワイト,4180,,全ての商品▼,,https://chiikawapark-tokyo.jp/goods/1w467l6ft9if/,https://chiikawapark-tokyo.jp/cms/images/goods/4570189209298_09.jpg
ちいかわパーク Tシャツ テーマデザイン ブラック,4180,,全ての商品▼,,https://chiikawapark-tokyo.jp/goods/l-fp_mq0l0/,https://chiikawapark-tokyo.jp/cms/images/goods/4570189209335_12.jpg
ちいかわパーク ミニバッグ付きエコバッグ テーマデザイン ピンク,3520,,全ての商品▼,,https://chiikawapark-tokyo.jp/goods/gdcdm-kxv/,https://chiikawapark-tokyo.jp/cms/images/goods/4570189209373_08.jpg
ちいかわパーク まめまめフィギュア まめつめボトル,4180,,全ての商品▼,,https://chiikawapark-tokyo.jp/goods/0439jnnesi8/,https://chiikawapark-tokyo.jp/cms/images/goods/072001.png
ちいかわパーク ミニマスコットキーリング （全7種）,1430,,全ての商品▼,,https://chiikawapark-tokyo.jp/goods/zq8amf58ymvi/,https://chiikawapark-tokyo.jp/cms/images/goods/mas01.jpg
ちいかわパーク ヘアバンド,2530,,全ての商品▼,,https://chiikawapark-tokyo.jp/goods/w3up3_dxqp8/,https://chiikawapark-tokyo.jp/cms/images/goods/072401.jpeg
ちいかわパーク フラッグヘアターバン,2200,,全ての商品▼,,https://chiikawapark-tokyo.jp/goods/nioksbggwtc/,https://chiikawapark-tokyo.jp/cms/images/goods/072402.jpeg
ちいかわパーク カラビナ付きポーチ スペシャルフォト（全4種）,1980,,全ての商品▼,,https://chiikawapark-tokyo.jp/goods/1xyikmaa9k9/,https://chiikawapark-tokyo.jp/cms/images/goods/%E3%83%9D%E3%83%BC%E3%83%814%E3%82%AD%E3%83%A3%E3%83%A9.jpg
ちいかわパーク スペシャルフォトなみんなの トレーディングアクリルスタンド（全6種）,660,,全ての商品▼,,https://chiikawapark-tokyo.jp/goods/9i2dlpn9tp/,https://chiikawapark-tokyo.jp/cms/images/goods/009.jpg
ちいかわパーク スペシャルフォトなみんなの4連アクリルチャーム,1540,,全ての商品▼,,https://chiikawapark-tokyo.jp/goods/b0bev15r465/,https://chiikawapark-tokyo.jp/cms/images/goods/006.jpg
ちいかわパーク スペシャルフォトな証明写真風ステッカー,385,,全ての商品▼,,https://chiikawapark-tokyo.jp/goods/wr442vrye0/,https://chiikawapark-tokyo.jp/cms/images/goods/008.jpg
ちいかわパーク スペシャルフォトなみんなの ホログラムクリアファイル,385,,全ての商品▼,,https://chiikawapark-tokyo.jp/goods/cuou__0bm502/,https://chiikawapark-tokyo.jp/cms/images/goods/file.jpg
ちいかわパーク スペシャルフォトなキラキラ ポストカード,330,,全ての商品▼,,https://chiikawapark-tokyo.jp/goods/wfd08dd40/,https://chiikawapark-tokyo.jp/cms/images/goods/card01.jpg
ちいかわパーク ショッピングバッグ スペシャルフォト ピンク ONE,3300,,全ての商品▼,,https://chiikawapark-tokyo.jp/goods/swp_vf2plym/,https://chiikawapark-tokyo.jp/cms/images/goods/%E3%82%B7%E3%83%A7%E3%83%83%E3%83%8F%E3%82%9A%E3%83%BC.JPG
ちいかわパーク Tシャツ スペシャルフォト ブラック,3850,,全ての商品▼,,https://chiikawapark-tokyo.jp/goods/fga_r-lb_j/,https://chiikawapark-tokyo.jp/cms/images/goods/t%E3%82%B7%E3%83%A3%E3%83%84BK.jpg
ちいかわパーク Tシャツ スペシャルフォト ホワイト,3850,,全ての商品▼,,https://chiikawapark-tokyo.jp/goods/atkpnvyipsxb/,https://chiikawapark-tokyo.jp/cms/images/goods/t%E3%82%B7%E3%83%A3%E3%83%8401.jpg
ちいかわパーク お菓子なビーズ付き アクリルストラップ,1430,,全ての商品▼,,https://chiikawapark-tokyo.jp/goods/oc5tqezxzce/,https://chiikawapark-tokyo.jp/cms/images/goods/4571609407256.jpg
ちいかわパーク お菓子なおみやげマグカップ,1650,,全ての商品▼,,https://chiikawapark-tokyo.jp/goods/b363c1_at/,https://chiikawapark-tokyo.jp/cms/images/goods/4571609407249_1.jpg
ちいかわパーク お菓子なトートバッグ,2970,,全ての商品▼,,https://chiikawapark-tokyo.jp/goods/kp75_534q/,https://chiikawapark-tokyo.jp/cms/images/goods/012.jpg
ちいかわパーク お菓子なほどよいサイズの巾着,1980,,全ての商品▼,,https://chiikawapark-tokyo.jp/goods/d1ni_hw0uqk/,https://chiikawapark-tokyo.jp/cms/images/goods/4571609407232_1.jpg
